57sqbv00absucp6d0000o71u,Expeditors                                                                                                                                                                                                                                                     
57sqc5007pb8fklg0000051k,Vamac                                                                                                                                                                                                                                                          
57sqc50078p76uie0000kjjj,Damco                                                                                                                                                                                                                                                          
57sqc500aak841e60000017p,Wayfair.com                                                                                                                                                                                                                                                    
57sqc50089c5lcnh00000073,RDI Marketing                                                                                                                                                                                                                                                  
57sqc5008ngjul3p000000uc,Goodin Company                                                                                                                                                                                                                                                 
57sqc50077d15uh900008u27,Morrison Supply                                                                                                                                                                                                                                                
57sqc5007eahbdkg00000cg8,Central Wholesalers                                                                                                                                                                                                                                            
57sqbv008vn61bsn0005r86l,Pace Supply                                                                                                                                                                                                                                                    
57sqbv008od4e9de0000qn8j,Longley Supply                                                                                                                                                                                                                                                 
57sqc5008i4a8vqf00000044,HM Wallace                                                                                                                                                                                                                                                     
57sqc5009avtr20f000001b1,Hardware Distribution Warehouse                                                                                                                                                                                                                                
57sqc5006s4q67ht00004n7r,SPS Companies
57sqc500985q4uk0000000qu,Target.com DVS [V#79679]                                                                                                                                                                                                                                       
57sqc5008gh7pg2h00000042,Rampart Supply                                                                                                                                                                                                                                                 
57sqc5009fddkno60000004d,Dakota Supply Group                                                                                                                                                                                                                                            
57sqc5007t9jkbmp0000050q,Commerce Hub                                                                                                                                                                                                                                                   
0,Unknown                                                                                                                                                                                                                                                        
c0a8193ff70d2ca7000000b2,Ace Hardware                                                                                                                                                                                                                                                   
c0a8193ff70de04000000179,Delta Faucet Co                                                                                                                                                                                                                                                
0ag69v00uitauvjv0000002f,EDIINT sample RECEIVER                                                                                                                                                                                                                                         
0ag69v00uitaupup00000029,EDIINT sample SENDER                                                                                                                                                                                                                                           
c0a8193ff70d2c2b00000044,Lowe's                                                                                                                                                                                                                                                         
c0a8193ff70d2c7500000079,Meijer                                                                                                                                                                                                                                                         
c0a8193ff70d2c5e00000060,Menards                                                                                                                                                                                                                                                        
c0a8193ff70d30c800000209,Test Corp                                                                                                                                                                                                                                                      
c0a8193ff70d19fe0000003c,Walmart                                                                                                                                                                                                                                                        
0ag6a900uskvuptc00000002,Tie                                                                                                                                                                                                                                                            
0ag6a900v652luei000001dt,Do It Best Corp.                                                                                                                                                                                                                                               
0ag6aa00vgmk7349000000f6,BlueMartini(Delta)                                                                                                                                                                                                                                             
0ag69v00vfl9t2vu00000009,1WorldSync                                                                                                                                                                                                                                                     
0ag6a900vq6rq5mh000000vj,Stibo(Delta)                                                                                                                                                                                                                                                   
0ag6aa00vvsptjdb000000ck,Chep                                                                                                                                                                                                                                                           
0ag6a90v0901ii9a000002eg,Holbrook Mfg.                                                                                                                                                                                                                                                  
0ag6aa0v016moeh70000009j,AMERIKAM                                                                                                                                                                                                                                                       
0ag6aa0v016m993h0000008g,Alsons Corp                                                                                                                                                                                                                                                    
0ag6aa0v016mh38a00000090,American Metalcast                                                                                                                                                                                                                                             
0ag6aa0v03em69rn000000mp,Aucilla Incorporated                                                                                                                                                                                                                                           
0ag6aa0v05et0083000005fd,Baldor Motors & Drives (Nupar)                                                                                                                                                                                                                                 
0ag6aa0v01h0joj5000000so,Liberty Hardware                                                                                                                                                                                                                                               
0ag6aa0v057fthhj000004r6,Brasscraft                                                                                                                                                                                                                                                     
0ag6aa0v016lvt1q00000082,Brillcast                                                                                                                                                                                                                                                      
0ag6aa0v018mtfu5000000ag,Caldwell Industries                                                                                                                                                                                                                                            
0ag6aa0v018n8ml7000000b2,Columbia Industrial Sales                                                                                                                                                                                                                                      
0ag6aa0v019530fh000000ce,Delta Faucet Canada                                                                                                                                                                                                                                            
0ag6aa0v0196ib20000000d9,Dove Die & Stamping Company                                                                                                                                                                                                                                    
0ag6aa0v0198ccie000000ej,Extruded Metals                                                                                                                                                                                                                                                
0ag6aa0v019cm18p000000gs,Sunspring America                                                                                                                                                                                                                                              
0ag6aa0v06qate9c00000qdq,H & H Tube & Manufacturing - 810                                                                                                                                                                                                                               
0ag6aa0v016lqc2t0000007i,H & H Tube & Manufacturing - 850                                                                                                                                                                                                                               
0ag6aa0v01gke42l000001jv,Hansgrohe
0ag6aa0v01glhpj60000006b,HSM Solutions                                                                                                                                                                                                                                                  
0ag6aa0v016liu000000006v,Holbrook Manufacturing                                                                                                                                                                                                                                         
0ag6aa0v0196totl000000dp,ITW Drawform                                                                                                                                                                                                                                                   
0ag6aa0v01gmbrr70000006t,Injecto Mold
0ag6aa00vk5md0i20000009d,Inland Paper Corp.                                                                                                                                                                                                                                             
0ag6aa0v01gmv8600000007e,Jagemann Stamping Company                                                                                                                                                                                                                                      
0ag6aa0v01gnci1n00000081,Jing Mei Industrial (USA)
0ag6aa0v01go1a3p0000008g,K.E.Y. Manufacturing
0ag6aa0v01godbuh00000091,KI Industries
0ag6aa0v01gru65d0000009r,Lake Erie Products                                                                                                                                                                                                                                             
0ag6aa0v016ktdjc0000006h,Lewisburg Container Company                                                                                                                                                                                                                                    
0ag6aa0v01gs8gfr000000ab,Longwood Engineered Products
0ag6aa0v01gt3luk000000as,Lucas-Milhaupt Inc.                                                                                                                                                                                                                                            
0ag6aa0v01h1535c000000ta,Metro Containers                                                                                                                                                                                                                                               
0ag6aa0v01h2ebfn000000tq,Minnesota Rubber                                                                                                                                                                                                                                               
0ag6aa0v01h349he000000ua,Morgantown Plastics                                                                                                                                                                                                                                            
0ag6aa0v01h3mbhn000000uq,Mueller Brass Company                                                                                                                                                                                                                                          
0ag6aa0v01456efa000002k3,Olin Brass                                                                                                                                                                                                                                                     
0ag6aa0v022ehetm0000008b,Peterson Mfg Company                                                                                                                                                                                                                                           
0ag6aa0v022epq2o0000008p,Preco Laser Systems
0ag6aa0v05f8ij2h000005l9,RTS Packaging                                                                                                                                                                                                                                                  
0ag6aa0v022hf12g000000a6,Reliable Spring & Wire Form Co                                                                                                                                                                                                                                 
0ag6aa0v022i87jv000000am,Scottsburg Plastics
0ag6aa0v022j3vv1000000b7,RockTenn - IN                                                                                                                                                                                                                                                  
0ag6aa0v07s9q7fk000000os,RockTenn - OK                                                                                                                                                                                                                                                  
0ag6aa0v07saru67000000pf,RockTenn - Tupelo                                                                                                                                                                                                                                              
0ag6aa0v022jsdjm000000bs,Starline Manufacturing (Chicago Faucets)                                                                                                                                                                                                                       
0ag6aa0v022kgbvn000000co,TekNor Apex Company                                                                                                                                                                                                                                            
0ag6aa0v022lcftr000000dv,Unisource Packaging                                                                                                                                                                                                                                            
0ag6aa0v05eim3ao0000059q,United Plastics Group                                                                                                                                                                                                                                          
0ag6aa0v022lr6st000000eg,Visentin USA                                                                                                                                                                                                                                                   
0ag6aa0v066d9kn000000gsk,Wayne Manufacturing                                                                                                                                                                                                                                            
0ag6aa0v02dcpube0000008j,Wolverine Tube
0ag6a90v0909nfia000002j0,CindyCorp                                                                                                                                                                                                                                                      
0ag6a90v09dfudod00000360,Inland Paper Jackson                                                                                                                                                                                                                                           
0ag6a90v09dgg7bs0000036m,Columbia Integrated                                                                                                                                                                                                                                            
0ag6a90v0f5us2dd000020cl,TEST Corp                                                                                                                                                                                                                                                      
0ag6aa0v0b5t96jq0000008k,Lota USA                                                                                                                                                                                                                                                       
0ag6a90v0oc4cn3o0000024o,Brass Craft                                                                                                                                                                                                                                                    
0ag6a90v1064ctb600000fkk,Vince Test                                                                                                                                                                                                                                                     
0ag6a90v1dk103uv000009l5,Neoperl                                                                                                                                                                                                                                                        
0ag6aa0v1a22r4o40000009l,Neoperl                                                                                                                                                                                                                                                        
0ag6aa0v1a245n6k000000a1,Bowles Fluidics                                                                                                                                                                                                                                                
0ag6a90v25odplf5000013t2,Jing Mei (Carbon Copy - 997)                                                                                                                                                                                                                                   
0ag6a90v26a8ivmr000014vv,Moore-Handley                                                                                                                                                                                                                                                  
0ag6aa0v25tdhrmi000000d5,BrassCraft Canada                                                                                                                                                                                                                                              
0ag6a90v26f0s2vh000028fr,JPMorgan Chase                                                                                                                                                                                                                                                 
0ag6a90v2fdi7o7h00001lif,Ferguson                                                                                                                                                                                                                                                       
0ag6a90v2fq90atl00000fo0,Southeastern Freight Lines                                                                                                                                                                                                                                     
0ag6a90v2g4gdkvg000033om,Con-Way                                                                                                                                                                                                                                                        
0ag6a90v2g4iq4ip000034gm,Con-way Southern                                                                                                                                                                                                                                               
0ag6a90v2g4isvte000034h4,Con-way Western                                                                                                                                                                                                                                                
0ag6a90v2mkussea00001a9v,Amazon.com                                                                                                                                                                                                                                                     
0ag69v0v2los4rl3000002uj,Crawford                                                                                                                                                                                                                                                       
0ag69v0v3954ronq000008ee,Affina                                                                                                                                                                                                                                                         
0ag69v0v3atbbrk000000dm2,Famous Supply                                                                                                                                                                                                                                                  
0ag6ao0v3jrl16c300001vdb,Contractor's Pipe                                                                                                                                                                                                                                              
0ag6ao0v3jrl15g400001vcv,Brock McVey                                                                                                                                                                                                                                                    
0ag6ao0v3jrl14v800001vcr,Blish-Mize                                                                                                                                                                                                                                                     
0ag6ao0v3jug2cgn00003o19,Modern Supply                                                                                                                                                                                                                                                  
0ag6ao0v3jrl1k3i00001vgv,VP Supply                                                                                                                                                                                                                                                      
0ag6ao0v3jug4fup00003o3h,Wolff Brothers                                                                                                                                                                                                                                                 
0ag6ao0v3jrl1gjv00001vfv,Riback Supply                                                                                                                                                                                                                                                  
0ag6ao0v3jug3cli00003o27,United Plumbing                                                                                                                                                                                                                                                
0ag69v0v3ep3b67q00005888,84 Lumber                                                                                                                                                                                                                                                      
0ag69v0v2di4us3400000042,Hirsch Pipe & Supply Co                                                                                                                                                                                                                                        
0ag69v0v2di553jv0000004e,Orgill                                                                                                                                                                                                                                                         
0ag6ao0v3jf0m5fn00001gis,Central Supply                                                                                                                                                                                                                                                 
0ag6ao0v3jrl1fc700001vfj,Pipeline Supply                                                                                                                                                                                                                                                
0ag6aa0v0tbabaic000003u3,Barnett                                                                                                                                                                                                                                                        
0ag6ao0v3jrl1h7600001vg7,Robertson Heating Supply                                                                                                                                                                                                                                       
0ag6ao0v3jug2cpp00003o1e,Penco Supply                                                                                                                                                                                                                                                   
0ag6ao0v3iurs3rn00000siv,PDI                                                                                                                                                                                                                                                            
0ag6ao0v3jufr6ht00003nur,Consolidated Supply                                                                                                                                                                                                                                            
0ag6ao0v3juftmhf00003nv7,Emery-Waterhouse                                                                                                                                                                                                                                               
0ag6ao0v3jrl1c0p00001ve7,JH Larson                                                                                                                                                                                                                                                      
0ag69v0v2di3tieh0000003a,Coburn Supply                                                                                                                                                                                                                                                  
0ag6ao0v3jug2bu700003o0v,Midstates Distribution                                                                                                                                                                                                                                         
0ag6ao0v3jufnc8900003nta,Allied Building                                                                                                                                                                                                                                                
0ag6ao0v40v2edrv00000ok0,Northern Engraving Corporation                                                                                                                                                                                                                                 
0ag6ao0v3jug135c00003o0j,McCoys                                                                                                                                                                                                                                                         
0ag6ao0v3jf09mj500001ghk,Handy Hardware                                                                                                                                                                                                                                                 
0ag6ao0v3jrl1di200001ver,Maumee Supply                                                                                                                                                                                                                                                  
0ag6ao0v3jrl1d7r00001ven,Leeps Supply Co                                                                                                                                                                                                                                                
0ag6ao0v3jf06p9r00001gh9,Harry Martz                                                                                                                                                                                                                                                    
0ag6ao0v3jrm3k9v00001vit,Hajoca - Florida Region                                                                                                                                                                                                                                        
0ag6ao0v3jrm3kum00001vj1,Hajoca - MidAmerica Region                                                                                                                                                                                                                                     
0ag6ao0v3jrm3mvo00001vj5,Hajoca - Mountain Region                                                                                                                                                                                                                                       
0ag6ao0v3jrm3nv000001vj9,Hajoca - Pacific Region                                                                                                                                                                                                                                        
0ag6ao0v3juftmqj00003nvc,Etna Supply                                                                                                                                                                                                                                                    
0ag6ao0v3jug13ek00003o0o,McLendon Hardware                                                                                                                                                                                                                                              
0ag6ao0v3mqkbiri00005tqp,DPS-Build.Com                                                                                                                                                                                                                                                  
0ag6ao0v3mqj8luj00005tlh,DPS-Faucet.com                                                                                                                                                                                                                                                 
0ag6ao0v3mqkh75d00005trd,DPS-Outlet.com                                                                                                                                                                                                                                                 
0ag6ao0v3mqkkg0100005tro,DPS_Lighting                                                                                                                                                                                                                                                   
0ag6ao0v3jug5iai00003o3t,Decorative Product Source                                                                                                                                                                                                                                      
0ag69v0v3fe7bj9j000006gr,Wilmar                                                                                                                                                                                                                                                         
0ag6ao0v3jrl1e5f00001vf3,Murray Supply                                                                                                                                                                                                                                                  
0ag6ao0v3jug4epi00003o2t,WHCI Plumbing Supply                                                                                                                                                                                                                                           
0ag6ao0v3jufnchj00003ntf,Blackman                                                                                                                                                                                                                                                       
0ag6ao0v3jrl1bno00001ve3,Hajoca - Hughes                                                                                                                                                                                                                                                
0ag6ao0v3jrl1b5900001vdr,First Supply                                                                                                                                                                                                                                                   
0ag6ao0v3jrl1cai00001veb,Keller Supply                                                                                                                                                                                                                                                  
0ag6ao0v3juftndc00003nvm,HD Supply Facilities Maintenance                                                                                                                                                                                                                               
0ag6ao0v3jrl16l900001vdf,Danco                                                                                                                                                                                                                                                          
0ag6ao0v3jufndcm00003ntu,Butler Supply                                                                                                                                                                                                                                                  
0ag6ao0v3jug5mbi00003o4d,Orchard Supply                                                                                                                                                                                                                                                 
0ag6ao0v448vv69q00002mru,Orchard Supply 810                                                                                                                                                                                                                                             
0ag6ao0v448vra9u00002mr7,Orchard Supply 856                                                                                                                                                                                                                                             
0ag6ao0v3jrl1gu000001vg3,Ridgewood                                                                                                                                                                                                                                                      
0ag6ao0v3jug2c7i00003o14,Mills Fleet Farm                                                                                                                                                                                                                                               
0ag6ao0v3jufr68b00003num,Connor Company                                                                                                                                                                                                                                                 
0ag6ao0v3jrl1iqd00001vgr,Torrington Supply                                                                                                                                                                                                                                              
0ag6ao0v3juftnmf00003nvr,House-Hasson                                                                                                                                                                                                                                                   
0ag6ao0v3jrl1ie200001vgn,Thomas Sommerville                                                                                                                                                                                                                                             
0ag6ao0v3jrl14jo00001vcn,Baker Specialty                                                                                                                                                                                                                                                
0ag6ao0v3jrid4dm00001v9a,Aaron & Co                                                                                                                                                                                                                                                     
0ag6ao0v3jf0gdk400001gi5,Case Supply                                                                                                                                                                                                                                                    
0ag6ao0v3jug4fld00003o3c,Wiseway Supply                                                                                                                                                                                                                                                 
0ag6ao0v3jufr5u700003nuh,Cimarron/Sutherland Lumber                                                                                                                                                                                                                                     
0ag6ao0v3jug5ikk00003o46,Grainger                                                                                                                                                                                                                                                       
0ag6ao0v448uduu300002mpf,Grainger 856                                                                                                                                                                                                                                                   
0ag6ao0v3mbog9k000004alq,Grainger Part                                                                                                                                                                                                                                                  
0ag6ao0v3obuoadj00000rl0,Grainger Sourcing                                                                                                                                                                                                                                              
0ag6ao0v3jrl1bem00001vdv,FW Webb                                                                                                                                                                                                                                                        
0ag6ao0v3jrl1i4100001vgj,Southern Pipe                                                                                                                                                                                                                                                  
0ag6ao0v3jug123c00003o04,IRR Supply                                                                                                                                                                                                                                                     
0ag6ao0v3jrl1eeo00001vf7,N&S Supply                                                                                                                                                                                                                                                     
0ag6ao0v3jrl1lnp00001vh3,Wit & Co                                                                                                                                                                                                                                                       
0ag6ao0v3jug4g8400003o3m,Your Other Warehouse                                                                                                                                                                                                                                           
0ag6ao0v3vbh1o0v000000ai,Estes Express Lines                                                                                                                                                                                                                                            
0ag6ao0v3jug3cvg00003o2c,US Supply                                                                                                                                                                                                                                                      
0ag6ao0v3jug3cb400003o22,True Value                                                                                                                                                                                                                                                     
0ag6ao0v3jrj8kj600001vad,Affiliated Distributors                                                                                                                                                                                                                                        
0ag6ao0v3jug4fbu00003o37,Winnelson                                                                                                                                                                                                                                                      
0ag6ao0v3jrl1cuo00001vej,LCR Corp                                                                                                                                                                                                                                                       
0ag6ao0v3jrmi2sd00001vjs,Sears 810                                                                                                                                                                                                                                                      
0ag6ao0v3jrmi8nr00001vk2,Sears 816                                                                                                                                                                                                                                                      
0ag6ao0v3jrmianc00001vk7,Sears 852                                                                                                                                                                                                                                                      
0ag6ao0v3jrmib6300001vkc,Sears 856                                                                                                                                                                                                                                                      
0ag6ao0v3jrmibge00001vkh,Sears RIM                                                                                                                                                                                                                                                      
0ag6ao0v3jrmibtn00001vkm,Sears RSOS                                                                                                                                                                                                                                                     
0ag6ao0v4a1sgrbh000045up,Masco of Canada                                                                                                                                                                                                                                                
0ag6ao0v3jug2dc700003o1o,Saia Motor Freight Inc.                                                                                                                                                                                                                                        
0ag69v00uglh4pht00000002,Home Depot                                                                                                                                                                                                                                                     
0ag6ao0v4hf7vf8q0000447u,Wm. F. Meyer Co.                                                                                                                                                                                                                                               
0ag6ao0v4cpfg2bd0000khmu,Home Depot 820                                                                                                                                                                                                                                                 
0ag6ao0v4hcqvm1g00003meo,Carter Lumber                                                                                                                                                                                                                                                  
0ag6ao0v4si7ulfm000001b0,Falk Supply                                                                                                                                                                                                                                                    
57sqbv006la3nfpl000031lm,Ryan Shaw Test                                                                                                                                                                                                                                                 
57sqc5008dd24q8l000006js,Schwarz Supply Source                                                                                                                                                                                                                                          
0ag6ao0v4qd7d1fl000001lg,The Distribution Point                                                                                                                                                                                                                                         
0ag6ao0v4tp8a01c000002si,Northeastern Supply                                                                                                                                                                                                                                            
0ag6ao0v5918i2bh0000003n,M. Cooper Supply                                                                                                                                                                                                                                               
0ag6ao0v5bmupkqr00000295,Milan Express                                                                                                                                                                                                                                                  
0ag6ao0v5c5ofr6f000002cq,UPS Freight                                                                                                                                                                                                                                                    
0ag6ao0v5botr1iq0000029i,YRCW Holland                                                                                                                                                                                                                                                   
0ag6ao0v5bou1ql60000029r,YRCW Roadway                                                                                                                                                                                                                                                   
0ag6ao0v5e62ab1c0000005h,Supply New England                                                                                                                                                                                                                                             
0ag6ao0v3jug3c1900003o1t,Todd Pipe                                                                                                                                                                                                                                                      
57sqa6005gr84o8h00012v4o,RSHAW                                                                                                                                                                                                                                                          
0ag6ao0v5gec1a2q000000oe,Jing Mei Hong Kong                                                                                                                                                                                                                                             
0ag6ao0v5pf6ronr000005ci,Bed Bath & Beyond                                                                                                                                                                                                                                              
0ag6ao0v5pf7027g000005ct,Bed Bath & Beyond Canada                                                                                                                                                                                                                                       
0ag6ao0v5u776ovv00000055,Alliance International                                                                                                                                                                                                                                         
0ag6ao0v5u70cuh10000003k,Globe Express                                                                                                                                                                                                                                                  
0ag6ao0v5vb7hd8n0000004l,United Hardware                                                                                                                                                                                                                                                
0ag6ao0v5vimqbmr00000051,Security Supply                                                                                                                                                                                                                                                
0ag6ao0v656gdqrv0000396f,MASCO Bath                                                                                                                                                                                                                                                     
0ag6ao0v65oqsgah00001dti,Locke Supply                                                                                                                                                                                                                                                   
57sqa6006cron4s30001ma8l,Jerry's Home Improvement Center                                                                                                                                                                                                                                
57sqc5009db3peh70000068q,Nicklas Supply                                                                                                                                                                                                                                                 
57sqc5006n7slck700004sm1,Prime Revenue                                                                                                                                                                                                                                                  
57sqc5006t8f106k00000fch,Lee Supply                                                                                                                                                                                                                                                     
